timestamp,da_price_eur,rebap_price_eur,pred_short_proba,actual_system_short,portfolio_imbalance_mwh,loss_unmanaged_eur,loss_hedged_eur
2026-08-23 12:00:00,62.66,29.37,0.3028,0,-0.5,16.59,16.59
2026-08-23 12:15:00,66.66,61.77,0.3912,0,7.2,-35.21,-35.21
2026-08-23 12:30:00,50.1,18.73,0.3514,0,0.99,-31.1,-31.1
2026-08-23 12:45:00,67.16,117.26,0.4355,1,4.65,233.18,233.18
2026-08-23 13:00:00,55.71,5.83,0.6653,0,-0.54,26.99,26.99
2026-08-23 13:15:00,57.94,58.68,0.1685,0,-0.24,-0.18,-0.18
2026-08-23 13:30:00,54.12,159.79,0.6727,1,2.64,279.3,279.3
2026-08-23 13:45:00,57.12,59.2,0.4532,0,2.89,6.01,6.01
2026-08-23 14:00:00,58.05,172.39,0.6212,1,-0.4,-45.25,-45.25
2026-08-23 14:15:00,50.52,40.35,0.7499,0,-8.29,84.28,-66.3
2026-08-23 14:30:00,62.84,220.25,0.7236,1,-0.58,-92.03,-92.03
2026-08-23 14:45:00,67.14,12.59,0.4689,0,2.4,-130.86,-130.86
2026-08-23 15:00:00,58.37,115.77,0.2806,1,0.08,4.72,4.72
2026-08-23 15:15:00,69.76,56.04,0.645,0,1.6,-21.91,-21.91
2026-08-23 15:30:00,61.44,78.87,0.3236,1,0.95,16.5,16.5
2026-08-23 15:45:00,71.83,249.55,0.9239,1,-5.02,-892.6,-40.18
2026-08-23 16:00:00,47.08,-38.19,0.1437,0,3.09,-263.47,-24.72
2026-08-23 16:15:00,78.98,166.11,0.8182,1,-2.03,-176.9,-16.24
2026-08-23 16:30:00,76.81,151.91,0.6455,1,-1.76,-131.84,-131.84
2026-08-23 16:45:00,65.1,-95.67,0.1842,0,2.07,-332.53,-16.55
2026-08-23 17:00:00,55.56,169.53,0.2629,1,-2.56,-291.84,-291.84
2026-08-23 17:15:00,67.92,63.64,0.697,1,0.92,-3.92,-3.92
2026-08-23 17:30:00,60.87,250.5,0.6152,1,-3.0,-568.0,-568.0
2026-08-23 17:45:00,76.65,105.14,0.5891,1,-0.66,-18.7,-18.7
2026-08-23 18:00:00,70.12,71.72,0.0242,0,-1.31,-2.09,-2.09
2026-08-23 18:15:00,69.99,325.14,0.9373,1,-1.62,-412.55,-12.94
2026-08-23 18:30:00,80.55,31.08,0.3017,0,-2.86,141.37,141.37
2026-08-23 18:45:00,77.65,112.67,0.7344,1,-0.16,-5.53,-5.53
2026-08-23 19:00:00,80.88,128.02,0.2022,1,0.42,20.02,20.02
2026-08-23 19:15:00,75.8,209.14,0.8435,1,3.24,432.13,432.13
2026-08-23 19:30:00,66.8,-100.53,0.2184,0,-2.01,336.06,336.06
2026-08-23 19:45:00,82.16,123.37,0.8639,1,0.18,7.6,7.6
2026-08-23 20:00:00,75.26,229.08,0.3464,1,7.73,1188.35,-61.8
2026-08-23 20:15:00,67.69,-10.83,0.1489,0,1.37,-107.68,-10.97
2026-08-23 20:30:00,83.33,-23.79,0.8005,0,1.69,-180.98,-180.98
2026-08-23 20:45:00,86.9,43.41,0.1034,0,1.52,-65.96,-12.13
2026-08-23 21:00:00,75.41,228.32,0.5627,1,-5.97,-912.11,-912.11
2026-08-23 21:15:00,86.59,179.11,0.1175,1,-0.85,-78.98,-78.98
2026-08-23 21:30:00,74.4,125.65,0.2987,1,-7.49,-383.81,-383.81
2026-08-23 21:45:00,71.16,165.56,0.4215,1,3.01,284.58,284.58
2026-08-23 22:00:00,74.9,307.96,0.3617,1,5.95,1386.94,1386.94
2026-08-23 22:15:00,84.37,135.34,0.1983,1,-1.85,-94.33,-94.33
2026-08-23 22:30:00,70.99,204.78,0.5958,1,6.17,825.77,825.77
2026-08-23 22:45:00,79.35,2.24,0.1689,0,-3.93,302.71,302.71
2026-08-23 23:00:00,68.89,125.45,0.5392,1,-4.17,-235.96,-235.96
2026-08-23 23:15:00,69.1,177.02,0.4566,1,1.93,208.78,208.78
2026-08-23 23:30:00,82.71,5.96,0.543,0,-2.86,219.19,219.19
2026-08-23 23:45:00,72.06,-54.35,0.5825,0,-1.74,219.73,219.73
2026-08-24 00:00:00,71.69,98.25,0.4987,1,3.8,100.98,100.98
2026-08-24 00:15:00,82.43,187.61,0.4876,1,-3.41,-358.81,-358.81
2026-08-24 00:30:00,85.32,154.58,0.2134,1,-0.99,-68.39,-68.39
2026-08-24 00:45:00,80.1,69.55,0.9559,0,-0.41,4.33,4.33
2026-08-24 01:00:00,73.61,152.43,0.2181,1,1.32,104.43,-10.6
2026-08-24 01:15:00,68.17,38.4,0.3331,0,2.56,-76.29,-20.5
2026-08-24 01:30:00,74.36,200.23,0.1735,1,-0.36,-45.63,-45.63
2026-08-24 01:45:00,76.97,222.88,0.2182,1,-4.2,-612.16,-612.16
2026-08-24 02:00:00,66.36,32.57,0.5,0,3.54,-119.45,-119.45
2026-08-24 02:15:00,80.02,278.92,0.7875,1,10.06,2001.68,2001.68
2026-08-24 02:30:00,78.2,51.1,0.7486,0,2.87,-77.81,-77.81
2026-08-24 02:45:00,63.26,11.27,0.5551,0,1.96,-102.01,-102.01
2026-08-24 03:00:00,66.34,92.38,0.6451,1,-1.31,-34.24,-34.24
2026-08-24 03:15:00,69.26,203.08,0.3405,1,-0.88,-118.08,-118.08
2026-08-24 03:30:00,73.83,129.02,0.8498,1,-4.86,-268.42,-38.91
2026-08-24 03:45:00,84.68,76.06,0.1997,1,2.16,-18.62,-17.29
2026-08-24 04:00:00,73.66,52.96,0.4353,0,-0.48,9.84,9.84
2026-08-24 04:15:00,69.77,-2.5,0.5512,0,4.51,-325.77,-325.77
2026-08-24 04:30:00,78.03,25.57,0.1554,0,-3.63,190.4,190.4
2026-08-24 04:45:00,70.49,110.93,0.3059,1,4.78,193.11,-38.2
2026-08-24 05:00:00,74.63,165.08,0.3088,1,-1.08,-98.12,-98.12
2026-08-24 05:15:00,78.78,180.53,0.9427,1,-2.14,-217.63,-17.11
2026-08-24 05:30:00,82.25,-64.31,0.1327,0,-1.69,247.81,247.81
2026-08-24 05:45:00,70.85,98.14,0.8967,1,-2.13,-58.17,-17.05
2026-08-24 06:00:00,80.15,-75.43,0.376,0,-7.31,1137.16,1137.16
2026-08-24 06:15:00,80.01,126.43,0.9269,1,2.24,103.87,103.87
2026-08-24 06:30:00,64.65,-98.3,0.0905,0,2.71,-441.6,-21.68
2026-08-24 06:45:00,82.28,361.23,0.8279,1,4.47,1248.3,1248.3
2026-08-24 07:00:00,67.19,15.37,0.3727,0,2.47,-127.92,-127.92
2026-08-24 07:15:00,61.25,-65.74,0.3692,0,2.3,-291.56,-291.56
2026-08-24 07:30:00,77.16,265.42,0.5036,1,-5.87,-1105.98,-1105.98
2026-08-24 07:45:00,76.27,218.51,0.6613,1,0.64,91.16,91.16
2026-08-24 08:00:00,65.09,179.35,0.4443,1,-3.97,-453.19,-453.19
2026-08-24 08:15:00,60.34,170.62,0.6711,1,-0.98,-107.72,-107.72
2026-08-24 08:30:00,62.68,166.6,0.9069,1,4.89,507.98,507.98
2026-08-24 08:45:00,62.47,-55.07,0.0895,0,0.11,-13.25,-13.25
2026-08-24 09:00:00,67.56,97.92,0.8839,1,-9.15,-277.73,-73.18
2026-08-24 09:15:00,62.65,-77.92,0.137,0,-3.51,492.77,492.77
2026-08-24 09:30:00,57.15,102.26,0.3275,1,-1.99,-89.6,-89.6
2026-08-24 09:45:00,63.81,111.73,0.3955,1,-0.79,-37.85,-37.85
2026-08-24 10:00:00,53.31,-35.84,0.277,0,3.28,-292.69,-26.26
2026-08-24 10:15:00,62.08,34.61,0.2168,0,2.93,-80.45,-23.43
2026-08-24 10:30:00,51.76,15.36,0.3653,0,2.84,-103.47,-103.47
2026-08-24 10:45:00,56.85,34.87,0.8605,1,0.81,-17.87,-17.87
2026-08-24 11:00:00,50.19,-30.07,0.0861,0,-1.03,82.9,82.9
2026-08-24 11:15:00,51.72,49.19,0.8204,0,-1.27,3.2,-10.13
2026-08-24 11:30:00,50.98,33.9,0.4171,0,1.51,-25.83,-25.83
2026-08-24 11:45:00,60.49,90.01,0.5229,1,3.27,96.5,96.5
2026-08-24 12:00:00,47.76,239.72,0.613,1,5.43,1043.15,1043.15
2026-08-24 12:15:00,45.59,73.21,0.1678,1,0.33,9.05,9.05
2026-08-24 12:30:00,62.16,40.93,0.138,0,1.03,-21.91,-8.26
2026-08-24 12:45:00,58.58,224.69,0.8419,1,5.2,863.61,863.61
2026-08-24 13:00:00,38.59,211.43,0.7484,1,-3.8,-657.5,-30.43
2026-08-24 13:15:00,47.91,106.07,0.537,1,2.87,167.16,167.16
2026-08-24 13:30:00,40.85,251.29,0.8088,1,-2.76,-580.36,-22.06
2026-08-24 13:45:00,45.65,-53.28,0.0796,0,5.58,-551.87,-44.63
2026-08-24 14:00:00,32.95,112.41,0.7589,1,4.92,391.0,391.0
2026-08-24 14:15:00,53.12,303.18,0.7833,1,5.76,1439.51,1439.51
2026-08-24 14:30:00,44.32,-7.14,0.0721,0,5.4,-277.66,-43.16
2026-08-24 14:45:00,54.67,105.78,0.9173,1,2.94,150.37,150.37
2026-08-24 15:00:00,42.68,107.78,0.2002,1,-3.58,-233.11,-233.11
2026-08-24 15:15:00,54.68,163.31,0.5199,1,1.73,188.11,188.11
2026-08-24 15:30:00,49.94,79.24,0.7347,1,3.14,91.86,91.86
2026-08-24 15:45:00,65.84,27.43,0.3009,0,1.67,-64.17,-13.37
2026-08-24 16:00:00,63.77,257.65,0.8425,1,-0.4,-77.72,-77.72
2026-08-24 16:15:00,63.24,44.74,0.7943,0,0.55,-10.16,-10.16
2026-08-24 16:30:00,56.58,110.38,0.0908,1,1.36,72.98,-10.85
2026-08-24 16:45:00,70.05,105.01,0.5974,1,-3.59,-125.57,-125.57
2026-08-24 17:00:00,51.63,139.61,0.8533,1,2.38,209.13,209.13
2026-08-24 17:15:00,47.11,52.39,0.4553,0,1.94,10.25,10.25
2026-08-24 17:30:00,62.84,302.01,0.8487,1,-0.46,-110.26,-110.26
2026-08-24 17:45:00,79.04,76.64,0.7562,1,2.34,-5.61,-5.61
2026-08-24 18:00:00,60.59,-102.23,0.1131,0,4.07,-663.12,-32.58
2026-08-24 18:15:00,67.49,282.65,0.582,1,-3.56,-765.61,-765.61
2026-08-24 18:30:00,61.21,45.71,0.8383,0,5.15,-79.78,-79.78
2026-08-24 18:45:00,72.66,23.55,0.4292,0,3.56,-174.69,-174.69
2026-08-24 19:00:00,72.05,117.86,0.5404,1,3.52,161.31,161.31
2026-08-24 19:15:00,71.8,243.38,0.717,1,3.49,598.93,598.93
2026-08-24 19:30:00,65.79,163.45,0.2759,1,2.5,244.2,-20.0
2026-08-24 19:45:00,63.44,76.58,0.7584,1,0.0,0.03,0.03
2026-08-24 20:00:00,60.32,210.87,0.6656,1,-2.57,-386.39,-20.53
2026-08-24 20:15:00,71.45,206.53,0.8095,1,1.79,242.27,242.27
2026-08-24 20:30:00,62.57,174.19,0.3701,1,0.47,51.92,51.92
2026-08-24 20:45:00,63.35,-88.61,0.503,0,-2.43,368.93,368.93
2026-08-24 21:00:00,65.4,182.44,0.4331,1,6.16,720.81,720.81
2026-08-24 21:15:00,64.7,27.06,0.3258,0,2.94,-110.73,-23.53
2026-08-24 21:30:00,61.95,34.76,0.5642,0,-1.09,29.59,29.59
2026-08-24 21:45:00,67.62,233.61,0.3366,1,-5.51,-914.69,-914.69
2026-08-24 22:00:00,69.71,13.09,0.4316,0,-2.93,166.08,166.08
2026-08-24 22:15:00,69.41,150.99,0.5906,1,1.71,139.51,139.51
2026-08-24 22:30:00,68.63,342.77,0.4158,1,-0.9,-247.29,-247.29
2026-08-24 22:45:00,58.68,-41.64,0.2869,0,-4.61,462.59,462.59
2026-08-24 23:00:00,67.92,311.88,0.9521,1,0.93,227.89,227.89
2026-08-24 23:15:00,66.62,153.75,0.1988,1,-0.56,-48.41,-48.41
2026-08-24 23:30:00,56.95,17.97,0.745,0,-1.41,54.93,-11.27
2026-08-24 23:45:00,71.74,165.11,0.6798,1,-4.36,-406.83,-34.86
2026-08-25 00:00:00,61.46,64.88,0.8384,0,1.17,4.01,4.01
2026-08-25 00:15:00,73.01,24.12,0.6883,0,-3.75,183.53,-30.03
2026-08-25 00:30:00,73.96,69.69,0.1206,0,-0.74,3.18,3.18
2026-08-25 00:45:00,70.6,-17.88,0.3274,0,4.06,-359.4,-32.5
2026-08-25 01:00:00,67.7,199.46,0.4714,1,4.36,573.9,573.9
2026-08-25 01:15:00,61.66,-110.96,0.6467,0,-0.45,77.38,77.38
2026-08-25 01:30:00,71.51,127.7,0.4666,1,-10.78,-605.62,-605.62
2026-08-25 01:45:00,71.41,47.98,0.9698,0,2.64,-61.93,-61.93
2026-08-25 02:00:00,60.77,-40.51,0.3392,0,-3.25,329.29,329.29
2026-08-25 02:15:00,61.65,56.36,0.6928,0,-4.88,25.8,-39.01
2026-08-25 02:30:00,55.96,128.36,0.4968,1,2.59,187.5,187.5
2026-08-25 02:45:00,66.79,122.06,0.7356,1,-6.47,-357.83,-51.79
2026-08-25 03:00:00,63.57,353.84,0.5276,1,2.49,723.83,723.83
2026-08-25 03:15:00,71.08,11.01,0.0683,0,3.17,-190.29,-25.34
2026-08-25 03:30:00,67.15,36.69,0.5026,0,1.76,-53.59,-53.59
2026-08-25 03:45:00,69.58,48.46,0.3685,0,0.73,-15.49,-15.49
2026-08-25 04:00:00,61.02,498.57,0.8987,1,-0.39,-171.79,-171.79
2026-08-25 04:15:00,72.6,244.42,0.7266,1,-1.69,-290.95,-13.55
2026-08-25 04:30:00,61.11,150.45,0.6851,1,-3.79,-338.32,-30.3
2026-08-25 04:45:00,69.38,98.8,0.4727,1,8.29,243.89,243.89
2026-08-25 05:00:00,51.42,12.58,0.1996,0,-1.56,60.44,60.44
2026-08-25 05:15:00,65.58,149.07,0.338,1,-3.23,-269.85,-269.85
2026-08-25 05:30:00,50.51,-22.4,0.2932,0,-0.33,23.8,23.8
2026-08-25 05:45:00,62.89,237.46,0.5676,1,2.02,352.9,352.9
2026-08-25 06:00:00,67.95,40.54,0.4814,0,3.57,-97.93,-97.93
2026-08-25 06:15:00,59.47,34.47,0.4144,0,-0.8,19.95,19.95
2026-08-25 06:30:00,53.6,-26.5,0.2581,0,-0.67,53.35,53.35
2026-08-25 06:45:00,65.78,93.44,0.3984,1,-2.8,-77.56,-77.56
2026-08-25 07:00:00,55.75,-97.45,0.2443,0,-0.9,137.32,137.32
2026-08-25 07:15:00,52.75,23.36,0.5137,0,3.03,-89.01,-89.01
2026-08-25 07:30:00,56.3,212.59,0.6706,1,-0.22,-33.99,-33.99
2026-08-25 07:45:00,70.11,34.89,0.4345,0,-1.28,45.25,45.25
2026-08-25 08:00:00,60.31,-21.33,0.3736,0,0.6,-48.86,-48.86
2026-08-25 08:15:00,59.92,103.66,0.4351,1,-2.74,-119.67,-119.67
2026-08-25 08:30:00,54.45,-33.19,0.3021,0,-7.55,661.7,661.7
2026-08-25 08:45:00,52.04,-1.88,0.2504,0,-1.7,91.83,91.83
2026-08-25 09:00:00,32.85,377.35,0.6506,1,-10.46,-3603.78,-83.69
2026-08-25 09:15:00,44.54,28.59,0.5725,0,-0.93,14.76,14.76
2026-08-25 09:30:00,45.3,81.51,0.4152,1,1.44,52.16,52.16
2026-08-25 09:45:00,35.94,-35.32,0.3478,0,3.46,-246.31,-27.65
2026-08-25 10:00:00,31.73,-73.89,0.0943,0,1.85,-195.88,-14.84
2026-08-25 10:15:00,36.0,175.86,0.8558,1,0.13,17.76,17.76
2026-08-25 10:30:00,44.15,-109.39,0.1966,0,-3.59,551.18,551.18
2026-08-25 10:45:00,46.98,45.07,0.3502,0,-3.85,7.35,7.35
2026-08-25 11:00:00,49.78,44.2,0.7214,0,-0.74,4.1,4.1
2026-08-25 11:15:00,43.33,-37.76,0.1009,0,-3.03,245.51,245.51
2026-08-25 11:30:00,35.15,92.83,0.6545,1,-3.37,-194.24,-26.94
2026-08-25 11:45:00,30.44,-39.79,0.6034,0,0.16,-10.98,-10.98
2026-08-25 12:00:00,33.67,142.93,0.7609,1,-2.98,-325.7,-23.85
2026-08-25 12:15:00,32.76,2.93,0.3682,0,-6.36,189.68,189.68
2026-08-25 12:30:00,37.19,298.11,0.548,1,-0.76,-199.39,-199.39
2026-08-25 12:45:00,37.75,-11.82,0.0751,0,-3.32,164.76,164.76
2026-08-25 13:00:00,37.1,-41.27,0.2085,0,1.81,-141.97,-14.49
2026-08-25 13:15:00,42.04,-33.2,0.7809,0,4.53,-340.76,-340.76
2026-08-25 13:30:00,38.02,-63.74,0.1748,0,2.66,-270.68,-21.28
2026-08-25 13:45:00,41.35,162.88,0.6963,1,1.53,185.64,185.64
2026-08-25 14:00:00,48.13,118.49,0.3218,1,4.78,336.3,-38.24
2026-08-25 14:15:00,35.3,-19.44,0.8187,0,-3.43,187.92,-27.46
2026-08-25 14:30:00,42.75,-30.64,0.8474,0,-2.02,148.09,-16.14
2026-08-25 14:45:00,43.96,118.87,0.8948,1,0.65,48.64,48.64
2026-08-25 15:00:00,40.04,-59.1,0.2796,0,-1.38,137.29,137.29
2026-08-25 15:15:00,52.05,152.18,0.9268,1,0.51,50.88,50.88
2026-08-25 15:30:00,51.08,45.57,0.282,0,-1.32,7.29,7.29
2026-08-25 15:45:00,40.89,86.68,0.1397,1,-0.92,-42.03,-42.03
2026-08-25 16:00:00,43.4,82.82,0.4811,1,-1.5,-58.96,-58.96
2026-08-25 16:15:00,50.42,163.01,0.6634,1,2.6,293.19,293.19
2026-08-25 16:30:00,48.37,11.25,0.3679,0,-0.65,24.19,24.19
2026-08-25 16:45:00,53.31,95.69,0.3046,1,-4.59,-194.38,-194.38
2026-08-25 17:00:00,53.18,117.66,0.76,1,-0.43,-27.49,-27.49
2026-08-25 17:15:00,65.39,188.62,0.6475,1,-2.13,-262.6,-262.6
2026-08-25 17:30:00,45.96,3.13,0.846,0,5.05,-216.45,-216.45
2026-08-25 17:45:00,56.3,97.35,0.659,1,1.27,52.06,52.06
2026-08-25 18:00:00,49.38,37.64,0.2768,0,4.45,-52.21,-35.58
2026-08-25 18:15:00,59.82,137.85,0.5517,1,0.39,30.33,30.33
2026-08-25 18:30:00,50.96,292.84,0.8611,1,3.22,779.64,779.64
2026-08-25 18:45:00,58.0,-38.41,0.5702,0,2.68,-258.1,-258.1
2026-08-25 19:00:00,51.75,-22.21,0.2774,0,1.95,-144.46,-15.63
2026-08-25 19:15:00,54.11,246.72,0.3236,1,-6.09,-1172.82,-1172.82
2026-08-25 19:30:00,49.75,21.85,0.7195,0,0.7,-19.49,-19.49
2026-08-25 19:45:00,54.88,-36.11,0.6654,0,4.76,-433.36,-433.36
2026-08-25 20:00:00,63.04,28.98,0.2223,0,0.05,-1.6,-1.6
2026-08-25 20:15:00,58.38,-108.9,0.1998,0,4.09,-685.01,-32.76
2026-08-25 20:30:00,60.0,50.54,0.4733,0,-1.68,15.9,15.9
2026-08-25 20:45:00,67.78,206.2,0.7808,1,-1.07,-148.65,-8.59
2026-08-25 21:00:00,62.67,92.93,0.9146,1,2.41,72.93,72.93
2026-08-25 21:15:00,54.75,55.93,0.5243,0,-4.95,-5.84,-5.84
2026-08-25 21:30:00,56.53,11.71,0.0952,0,5.85,-262.37,-46.83
2026-08-25 21:45:00,49.56,47.66,0.8715,0,-0.96,1.83,1.83
2026-08-25 22:00:00,54.73,267.21,0.4788,1,4.6,976.76,976.76
2026-08-25 22:15:00,46.75,-36.54,0.6908,0,-2.09,174.32,-16.74
2026-08-25 22:30:00,63.71,200.66,0.6934,1,2.63,360.34,360.34
2026-08-25 22:45:00,52.35,117.2,0.1937,1,-1.46,-94.38,-94.38
2026-08-25 23:00:00,59.71,49.49,0.734,1,-5.38,55.03,-43.08
2026-08-25 23:15:00,51.93,-7.02,0.7643,0,-1.48,87.35,-11.85
2026-08-25 23:30:00,61.43,120.08,0.9215,1,-0.4,-23.31,-23.31
2026-08-25 23:45:00,52.74,186.0,0.8313,1,1.68,223.81,223.81
2026-08-26 00:00:00,56.54,115.9,0.1151,1,-2.76,-164.09,-164.09
2026-08-26 00:15:00,61.73,244.61,0.6321,1,1.82,332.63,332.63
2026-08-26 00:30:00,59.74,52.79,0.565,0,-0.91,6.31,6.31
2026-08-26 00:45:00,55.78,7.37,0.5191,0,-6.93,335.31,335.31
2026-08-26 01:00:00,46.06,179.19,0.736,1,3.45,458.76,458.76
2026-08-26 01:15:00,75.98,-15.49,0.3156,0,3.77,-345.12,-30.18
2026-08-26 01:30:00,67.73,-132.51,0.1613,0,-1.25,250.4,250.4
2026-08-26 01:45:00,60.23,180.89,0.9636,1,-0.66,-79.11,-79.11
2026-08-26 02:00:00,54.26,115.89,0.7457,1,-1.83,-113.02,-14.67
2026-08-26 02:15:00,53.43,-151.29,0.2046,0,1.33,-272.59,-10.65
2026-08-26 02:30:00,52.17,-3.98,0.9804,0,-2.06,115.89,-16.51
2026-08-26 02:45:00,65.51,259.62,0.6207,1,2.91,565.06,565.06
2026-08-26 03:00:00,59.2,-48.05,0.2405,0,-0.51,54.24,54.24
2026-08-26 03:15:00,52.26,69.16,0.4575,1,-4.54,-76.78,-76.78
2026-08-26 03:30:00,53.06,39.77,0.9793,0,2.4,-31.92,-31.92
2026-08-26 03:45:00,63.92,125.73,0.2606,1,1.65,101.8,-13.18
2026-08-26 04:00:00,66.72,165.76,0.3256,1,-6.47,-640.55,-640.55
2026-08-26 04:15:00,64.98,131.91,0.3578,1,0.65,43.53,43.53
2026-08-26 04:30:00,60.47,165.62,0.3178,1,1.96,206.52,-15.71
2026-08-26 04:45:00,52.94,-46.67,0.1773,0,-0.33,32.59,32.59
2026-08-26 05:00:00,38.56,289.25,0.8203,1,-1.68,-420.77,-13.43
2026-08-26 05:15:00,61.03,163.4,0.5554,1,4.3,440.19,440.19
2026-08-26 05:30:00,56.73,190.1,0.3151,1,-2.31,-308.71,-308.71
2026-08-26 05:45:00,57.07,-29.12,0.4137,0,6.1,-525.87,-525.87
2026-08-26 06:00:00,54.8,-95.29,0.1972,0,-2.53,379.16,379.16
2026-08-26 06:15:00,45.78,170.92,0.5845,1,3.29,411.76,411.76
2026-08-26 06:30:00,57.79,161.98,0.4533,1,6.32,658.05,658.05
2026-08-26 06:45:00,57.39,8.27,0.5029,0,-4.49,220.49,220.49
2026-08-26 07:00:00,57.82,11.52,0.3576,0,1.67,-77.42,-77.42
2026-08-26 07:15:00,56.86,-10.79,0.2657,0,-2.52,170.73,170.73
2026-08-26 07:30:00,53.71,156.7,0.4492,1,2.81,289.0,289.0
2026-08-26 07:45:00,42.38,172.89,0.038,1,5.03,655.87,-40.2
2026-08-26 08:00:00,47.62,249.62,0.8086,1,6.21,1254.95,1254.95
2026-08-26 08:15:00,45.9,52.39,0.3458,0,3.59,23.32,-28.75
2026-08-26 08:30:00,46.77,127.72,0.6979,1,-1.16,-93.94,-9.28
2026-08-26 08:45:00,49.87,13.88,0.131,0,2.53,-90.96,-20.22
2026-08-26 09:00:00,49.01,95.84,0.128,1,9.22,431.61,-73.73
2026-08-26 09:15:00,55.99,232.48,0.544,1,4.41,778.54,778.54
2026-08-26 09:30:00,54.42,173.96,0.1418,1,7.82,934.68,-62.55
2026-08-26 09:45:00,38.42,-109.31,0.1019,0,4.08,-602.58,-32.63
2026-08-26 10:00:00,18.74,40.77,0.9182,1,-4.11,-90.62,-32.91
2026-08-26 10:15:00,50.26,-84.57,0.5065,0,-0.89,119.93,119.93
2026-08-26 10:30:00,32.41,-73.22,0.1469,0,2.56,-270.5,-20.49
2026-08-26 10:45:00,34.04,167.63,0.7309,1,-3.2,-427.61,-25.61
2026-08-26 11:00:00,34.61,-93.15,0.3298,0,2.5,-319.91,-20.03
2026-08-26 11:15:00,35.2,73.79,0.5952,1,-6.66,-256.82,-256.82
2026-08-26 11:30:00,42.06,33.88,0.2849,0,-0.17,1.35,1.35
2026-08-26 11:45:00,27.07,20.45,0.378,0,2.16,-14.31,-14.31
2026-08-26 12:00:00,28.76,328.98,0.4818,1,-6.4,-1921.7,-1921.7
2026-08-26 12:15:00,40.65,-91.71,0.3422,0,2.04,-269.41,-16.28
2026-08-26 12:30:00,40.24,-10.03,0.7321,0,3.28,-164.97,-164.97
2026-08-26 12:45:00,40.09,23.87,0.7985,0,3.39,-55.02,-55.02
2026-08-26 13:00:00,31.8,84.83,0.7436,1,-5.61,-297.73,-44.91
2026-08-26 13:15:00,28.68,-13.27,0.2371,0,-4.85,203.51,203.51
2026-08-26 13:30:00,36.41,177.46,0.8128,1,4.15,585.7,585.7
2026-08-26 13:45:00,41.78,8.6,0.7374,0,4.16,-137.97,-137.97
2026-08-26 14:00:00,47.21,148.55,0.2584,1,-3.52,-356.84,-356.84
2026-08-26 14:15:00,27.91,62.64,0.8513,1,-4.47,-155.27,-35.77
2026-08-26 14:30:00,39.04,-1.78,0.9403,0,3.57,-145.78,-145.78
2026-08-26 14:45:00,31.26,75.94,0.7392,1,-6.65,-297.34,-53.24
2026-08-26 15:00:00,32.27,14.38,0.8374,0,2.51,-44.94,-44.94
2026-08-26 15:15:00,47.28,192.74,0.9143,1,-5.58,-811.94,-44.66
2026-08-26 15:30:00,48.41,175.51,0.3384,1,-4.84,-615.46,-615.46
2026-08-26 15:45:00,44.89,-14.95,0.4152,0,0.5,-29.63,-29.63
2026-08-26 16:00:00,50.79,86.35,0.2628,1,2.49,88.6,-19.93
2026-08-26 16:15:00,40.32,260.61,0.5951,1,2.59,569.88,569.88
2026-08-26 16:30:00,42.52,-31.82,0.1183,0,0.64,-47.8,-47.8
2026-08-26 16:45:00,63.09,200.63,0.7162,1,-2.91,-399.66,-23.25
2026-08-26 17:00:00,50.01,101.92,0.7444,1,-2.71,-140.56,-21.66
2026-08-26 17:15:00,52.86,166.75,0.4309,1,0.93,106.35,106.35
2026-08-26 17:30:00,50.27,194.22,0.6299,1,2.5,359.65,359.65
2026-08-26 17:45:00,42.18,-10.44,0.8514,0,-3.05,160.3,-24.37
2026-08-26 18:00:00,38.68,-28.48,0.069,0,-2.35,157.88,157.88
2026-08-26 18:15:00,47.41,96.42,0.6935,1,-2.05,-100.43,-16.39
2026-08-26 18:30:00,63.94,192.99,0.8952,1,0.23,29.1,29.1
2026-08-26 18:45:00,60.71,40.76,0.5328,0,-3.27,65.19,65.19
2026-08-26 19:00:00,64.15,11.7,0.5835,0,-0.03,1.43,1.43
2026-08-26 19:15:00,53.7,134.06,0.6789,1,0.75,60.27,60.27
2026-08-26 19:30:00,67.36,-78.29,0.1251,0,1.81,-263.62,-14.48
2026-08-26 19:45:00,52.05,29.48,0.8757,0,1.61,-36.41,-36.41
2026-08-26 20:00:00,57.25,-11.22,0.4579,0,-4.37,298.94,298.94
2026-08-26 20:15:00,58.5,152.46,0.5816,1,0.23,21.54,21.54
2026-08-26 20:30:00,57.97,47.05,0.4978,0,1.57,-17.16,-17.16
2026-08-26 20:45:00,65.26,-15.82,0.0705,0,-2.39,193.98,193.98
2026-08-26 21:00:00,52.19,15.35,0.5015,0,-1.36,50.19,50.19
2026-08-26 21:15:00,52.02,10.42,0.796,0,4.9,-203.84,-203.84
2026-08-26 21:30:00,54.5,133.97,0.2936,1,-6.88,-546.93,-546.93
2026-08-26 21:45:00,54.93,178.04,0.6133,1,7.6,935.6,935.6
2026-08-26 22:00:00,78.01,158.07,0.2367,1,4.28,342.75,-34.25
2026-08-26 22:15:00,56.4,-35.08,0.3846,0,-1.05,95.85,95.85
2026-08-26 22:30:00,56.46,310.75,0.9447,1,5.71,1451.84,1451.84
2026-08-26 22:45:00,51.65,31.58,0.4721,0,-3.35,67.27,67.27
2026-08-26 23:00:00,46.94,2.63,0.9488,0,1.86,-82.25,-82.25
2026-08-26 23:15:00,52.91,-2.8,0.9772,0,-4.85,270.28,-38.81
2026-08-26 23:30:00,55.81,-31.73,0.2517,0,5.53,-484.36,-44.26
2026-08-26 23:45:00,65.76,309.41,0.9501,1,-2.22,-539.96,-17.73
2026-08-27 00:00:00,59.92,158.89,0.6513,1,3.06,302.92,302.92
2026-08-27 00:15:00,61.86,218.23,0.6278,1,0.78,121.37,121.37
2026-08-27 00:30:00,55.6,163.62,0.7149,1,-1.27,-136.65,-10.12
2026-08-27 00:45:00,60.41,75.94,0.6291,1,-1.86,-28.86,-28.86
2026-08-27 01:00:00,56.07,204.07,0.6332,1,8.92,1320.27,1320.27
2026-08-27 01:15:00,70.08,-46.83,0.4253,0,-2.31,269.52,269.52
2026-08-27 01:30:00,57.57,153.34,0.1919,1,1.91,183.0,-15.29
2026-08-27 01:45:00,54.02,-36.53,0.1023,0,2.44,-220.59,-19.49
2026-08-27 02:00:00,42.0,-84.73,0.668,0,4.09,-517.8,-517.8
2026-08-27 02:15:00,55.73,18.35,0.1973,0,3.93,-147.07,-31.47
2026-08-27 02:30:00,64.52,295.3,0.9467,1,-3.81,-878.15,-30.44
2026-08-27 02:45:00,55.41,-26.06,0.1907,0,0.03,-2.53,-2.53
2026-08-27 03:00:00,54.0,127.19,0.328,1,2.43,177.53,-19.4
2026-08-27 03:15:00,64.63,18.83,0.2365,0,1.15,-52.71,-9.21
2026-08-27 03:30:00,51.03,165.96,0.9538,1,-2.34,-269.44,-18.76
2026-08-27 03:45:00,65.09,138.48,0.4674,1,-1.56,-114.45,-114.45
2026-08-27 04:00:00,55.71,229.57,0.7042,1,-0.12,-21.6,-21.6
2026-08-27 04:15:00,55.61,282.9,0.3418,1,-3.9,-885.38,-885.38
2026-08-27 04:30:00,53.77,179.62,0.4277,1,-0.06,-8.01,-8.01
2026-08-27 04:45:00,60.07,-25.61,0.2277,0,2.13,-182.66,-17.06
2026-08-27 05:00:00,73.19,148.51,0.3291,1,1.97,148.29,-15.75
2026-08-27 05:15:00,60.66,25.76,0.1557,0,1.85,-64.64,-14.82
2026-08-27 05:30:00,58.15,123.83,0.6205,1,-3.07,-201.45,-201.45
2026-08-27 05:45:00,65.01,-80.57,0.5111,0,-5.66,823.72,823.72
2026-08-27 06:00:00,58.7,-34.76,0.8337,0,1.26,-117.36,-117.36
2026-08-27 06:15:00,69.95,278.01,0.785,1,-2.46,-512.01,-19.69
2026-08-27 06:30:00,60.93,206.74,0.1272,1,1.42,206.86,-11.35
2026-08-27 06:45:00,37.22,-168.53,0.2404,0,5.58,-1147.6,-44.62
2026-08-27 07:00:00,50.7,-89.21,0.6047,0,0.73,-102.04,-102.04
2026-08-27 07:15:00,59.55,11.5,0.523,0,-0.74,35.44,35.44
2026-08-27 07:30:00,56.01,192.58,0.6302,1,-2.54,-347.51,-347.51
2026-08-27 07:45:00,44.18,-31.91,0.2598,0,-3.27,248.72,248.72
2026-08-27 08:00:00,49.35,104.71,0.8131,1,4.54,251.35,251.35
2026-08-27 08:15:00,34.99,-60.22,0.3591,0,-8.49,808.7,808.7
2026-08-27 08:30:00,49.41,17.55,0.8035,0,-0.63,19.98,19.98
2026-08-27 08:45:00,60.69,-20.86,0.5311,0,4.2,-342.91,-342.91
2026-08-27 09:00:00,53.6,231.45,0.8839,1,-3.52,-625.96,-28.16
2026-08-27 09:15:00,56.94,18.78,0.2611,0,-0.2,7.79,7.79
2026-08-27 09:30:00,51.39,4.81,0.61,0,-0.93,43.31,43.31
2026-08-27 09:45:00,49.74,20.23,0.5414,0,2.03,-59.9,-59.9
2026-08-27 10:00:00,57.9,113.55,0.6304,1,5.09,283.13,283.13
2026-08-27 10:15:00,50.12,-37.75,0.4094,0,-1.5,131.94,131.94
2026-08-27 10:30:00,41.57,37.28,0.1445,0,-3.5,15.02,15.02
2026-08-27 10:45:00,50.97,68.51,0.4849,1,-2.25,-39.5,-39.5
2026-08-27 11:00:00,50.43,429.11,0.1997,1,6.87,2600.74,-54.94
2026-08-27 11:15:00,39.74,63.51,0.4023,1,6.93,164.73,164.73
2026-08-27 11:30:00,36.17,-13.76,0.5059,0,1.5,-74.92,-74.92
2026-08-27 11:45:00,42.62,78.17,0.3808,1,2.17,77.24,77.24
2026-08-27 12:00:00,50.13,217.26,0.9272,1,-2.19,-365.29,-17.49
2026-08-27 12:15:00,46.31,109.61,0.2406,1,3.57,225.76,-28.53
2026-08-27 12:30:00,30.42,-79.89,0.1189,0,-0.86,95.24,95.24
2026-08-27 12:45:00,53.04,13.78,0.6068,0,-2.95,115.81,115.81
2026-08-27 13:00:00,40.98,0.67,0.4642,0,0.89,-35.95,-35.95
2026-08-27 13:15:00,46.32,276.82,0.7937,1,-1.04,-240.24,-8.34
2026-08-27 13:30:00,36.82,-46.65,0.0393,0,0.77,-63.97,-63.97
2026-08-27 13:45:00,58.4,90.27,0.4937,1,-0.09,-2.93,-2.93
2026-08-27 14:00:00,47.58,220.75,0.9139,1,1.24,215.23,215.23
2026-08-27 14:15:00,40.48,75.42,0.1128,1,0.46,16.03,16.03
2026-08-27 14:30:00,48.34,73.29,0.5466,0,6.58,164.13,164.13
2026-08-27 14:45:00,52.1,16.14,0.8142,0,2.63,-94.74,-94.74
2026-08-27 15:00:00,42.47,145.85,0.087,1,-1.15,-118.63,-118.63
2026-08-27 15:15:00,50.75,-3.66,0.9105,0,1.88,-102.21,-102.21
2026-08-27 15:30:00,43.27,7.48,0.3661,0,-2.02,72.4,72.4
2026-08-27 15:45:00,47.5,110.03,0.6096,1,-0.01,-0.34,-0.34
2026-08-27 16:00:00,37.85,-83.47,0.4856,0,-3.5,425.16,425.16
2026-08-27 16:15:00,44.34,308.51,0.7581,1,-3.57,-942.91,-28.55
2026-08-27 16:30:00,63.3,129.08,0.481,1,0.52,34.19,34.19
2026-08-27 16:45:00,64.34,134.63,0.8489,1,-4.92,-345.74,-39.35
2026-08-27 17:00:00,52.69,-78.55,0.2526,0,0.5,-66.12,-66.12
2026-08-27 17:15:00,65.48,103.85,0.9036,1,-1.32,-50.53,-10.54
2026-08-27 17:30:00,56.72,33.05,0.2554,0,0.18,-4.31,-4.31
2026-08-27 17:45:00,54.73,184.17,0.8585,1,2.52,326.33,326.33
2026-08-27 18:00:00,60.18,22.86,0.8045,0,3.54,-132.11,-132.11
2026-08-27 18:15:00,62.58,-68.16,0.9144,0,1.45,-189.69,-189.69
2026-08-27 18:30:00,63.14,21.18,0.7079,0,-3.02,126.92,-24.2
2026-08-27 18:45:00,68.78,28.78,0.1859,0,2.25,-89.89,-17.98
2026-08-27 19:00:00,61.92,14.84,0.7274,0,5.15,-242.43,-242.43
2026-08-27 19:15:00,69.91,22.8,0.4196,0,1.13,-53.01,-53.01
2026-08-27 19:30:00,72.01,130.85,0.7114,1,-6.58,-387.01,-52.62
2026-08-27 19:45:00,63.15,-118.7,0.4016,0,-4.37,794.9,794.9
2026-08-27 20:00:00,61.24,51.06,0.9156,0,1.18,-12.06,-12.06
2026-08-27 20:15:00,57.96,64.44,0.5873,0,-1.05,-6.78,-6.78
2026-08-27 20:30:00,67.36,-1.58,0.5095,0,8.02,-552.64,-552.64
2026-08-27 20:45:00,66.07,185.34,0.6898,1,-1.68,-200.27,-13.43
2026-08-27 21:00:00,65.82,87.74,0.3216,1,-0.8,-17.45,-17.45
2026-08-27 21:15:00,64.28,101.7,0.6389,1,1.95,72.8,72.8
2026-08-27 21:30:00,78.81,82.65,0.5498,0,-8.35,-32.08,-32.08
2026-08-27 21:45:00,59.73,301.38,0.7596,1,3.1,750.21,750.21
2026-08-27 22:00:00,57.55,-21.78,0.4315,0,-0.87,69.15,69.15
2026-08-27 22:15:00,66.61,370.97,0.1578,1,-4.94,-1503.3,-1503.3
2026-08-27 22:30:00,61.16,-123.24,0.2802,0,-1.44,265.88,265.88
2026-08-27 22:45:00,66.83,-9.69,0.7374,0,4.09,-313.15,-313.15
2026-08-27 23:00:00,68.7,112.78,0.341,1,1.0,44.26,-8.03
2026-08-27 23:15:00,73.21,70.92,0.7113,1,-9.58,21.93,-76.62
2026-08-27 23:30:00,56.05,71.32,0.8028,1,1.59,24.26,24.26
2026-08-27 23:45:00,61.53,68.03,0.2516,1,-1.08,-7.03,-7.03
2026-08-28 00:00:00,69.18,56.97,0.595,0,0.75,-9.16,-9.16
2026-08-28 00:15:00,71.65,96.85,0.4212,1,-4.47,-112.64,-112.64
2026-08-28 00:30:00,80.75,85.66,0.4768,1,3.5,17.18,17.18
2026-08-28 00:45:00,67.01,-19.64,0.0935,0,3.45,-298.9,-27.6
2026-08-28 01:00:00,65.74,301.71,0.5601,1,0.51,119.32,119.32
2026-08-28 01:15:00,61.58,135.59,0.6305,1,0.05,3.57,3.57
2026-08-28 01:30:00,65.53,84.43,0.4946,1,3.97,75.09,75.09
2026-08-28 01:45:00,61.07,-6.61,0.4389,0,1.72,-116.08,-116.08
2026-08-28 02:00:00,65.71,2.39,0.0575,0,-0.9,56.93,56.93
2026-08-28 02:15:00,68.69,38.95,0.9667,0,-0.62,18.54,18.54
2026-08-28 02:30:00,58.36,61.51,0.1906,0,1.66,5.23,-13.29
2026-08-28 02:45:00,63.2,19.81,0.7185,0,6.46,-280.3,-280.3
2026-08-28 03:00:00,75.5,15.17,0.5882,0,-1.62,97.68,97.68
2026-08-28 03:15:00,68.28,103.92,0.6036,1,-1.5,-53.49,-53.49
2026-08-28 03:30:00,70.1,40.91,0.5568,0,2.83,-82.73,-82.73
2026-08-28 03:45:00,66.73,9.58,0.1734,0,-1.82,104.08,104.08
2026-08-28 04:00:00,79.74,64.51,0.9871,0,-3.22,49.06,-25.77
2026-08-28 04:15:00,71.46,90.25,0.7793,1,-3.67,-68.91,-29.34
2026-08-28 04:30:00,67.13,-32.99,0.624,0,5.1,-510.56,-510.56
2026-08-28 04:45:00,59.76,29.94,0.2546,0,-2.97,88.66,88.66
2026-08-28 05:00:00,70.08,244.47,0.4789,1,-0.79,-137.84,-137.84
2026-08-28 05:15:00,51.56,7.71,0.7471,0,-5.19,227.68,-41.54
2026-08-28 05:30:00,69.37,175.75,0.3654,1,-0.26,-27.66,-27.66
2026-08-28 05:45:00,70.83,22.15,0.6913,0,-1.4,67.93,-11.16
2026-08-28 06:00:00,59.42,323.23,0.2366,1,-0.59,-154.79,-154.79
2026-08-28 06:15:00,62.75,79.19,0.6212,1,-1.47,-24.17,-24.17
2026-08-28 06:30:00,74.89,95.83,0.6915,1,0.13,2.8,2.8
2026-08-28 06:45:00,65.88,233.09,0.5469,1,-0.63,-104.68,-104.68
2026-08-28 07:00:00,64.53,97.43,0.5465,1,-0.71,-23.32,-23.32
2026-08-28 07:15:00,65.1,124.14,0.5252,1,-2.43,-143.17,-143.17
2026-08-28 07:30:00,62.54,47.9,0.6257,0,-2.35,34.44,34.44
2026-08-28 07:45:00,72.39,278.65,0.9345,1,2.99,616.74,616.74
2026-08-28 08:00:00,62.2,-16.09,0.4025,0,-0.43,34.04,34.04
2026-08-28 08:15:00,48.3,-119.02,0.1785,0,4.18,-698.57,-33.4
2026-08-28 08:30:00,71.53,108.16,0.8844,1,-1.48,-54.13,-11.82
2026-08-28 08:45:00,64.52,14.99,0.4221,0,-1.97,97.44,97.44
2026-08-28 09:00:00,53.16,-51.66,0.1636,0,3.72,-390.28,-29.79
2026-08-28 09:15:00,48.28,-47.75,0.5861,0,-0.5,47.55,47.55
2026-08-28 09:30:00,58.01,-68.16,0.4207,0,-1.01,127.7,127.7
2026-08-28 09:45:00,53.62,116.56,0.399,1,-1.21,-76.3,-76.3
2026-08-28 10:00:00,63.01,162.67,0.1672,1,4.9,488.39,-39.2
2026-08-28 10:15:00,51.68,-18.05,0.5156,0,0.2,-13.88,-13.88
2026-08-28 10:30:00,48.54,31.02,0.6201,0,2.28,-40.0,-40.0
2026-08-28 10:45:00,61.87,-22.3,0.2727,0,3.85,-323.9,-30.79
2026-08-28 11:00:00,57.63,-75.85,0.1175,0,1.53,-204.49,-12.26
2026-08-28 11:15:00,53.55,104.88,0.6889,1,-3.68,-188.65,-29.4
2026-08-28 11:30:00,56.83,-10.08,0.3337,0,1.35,-90.26,-10.79
2026-08-28 11:45:00,54.53,217.82,0.3011,1,4.57,746.62,-36.58
2026-08-28 12:00:00,56.66,-50.61,0.5252,0,3.08,-330.33,-330.33
2026-08-28 12:15:00,59.7,22.8,0.3179,0,0.83,-30.7,-30.7
2026-08-28 12:30:00,53.67,78.55,0.2517,1,-1.76,-43.86,-43.86
2026-08-28 12:45:00,51.34,143.44,0.8277,1,3.24,298.37,298.37
2026-08-28 13:00:00,60.53,108.89,0.372,1,-6.41,-310.23,-310.23
2026-08-28 13:15:00,38.51,150.49,0.7911,1,3.83,428.38,428.38
2026-08-28 13:30:00,63.27,161.85,0.4285,1,4.49,442.8,442.8
2026-08-28 13:45:00,41.56,181.17,0.1404,1,-3.01,-420.05,-420.05
2026-08-28 14:00:00,50.52,200.75,0.814,1,0.38,57.27,57.27
2026-08-28 14:15:00,55.55,-31.78,0.7702,0,-6.21,542.03,-49.65
2026-08-28 14:30:00,51.26,-66.13,0.3093,0,-0.17,19.81,19.81
2026-08-28 14:45:00,64.83,77.56,0.9144,0,-2.07,-26.35,-16.56
2026-08-28 15:00:00,48.87,-41.67,0.4498,0,-4.59,415.23,415.23
2026-08-28 15:15:00,59.86,-29.28,0.6659,0,0.94,-83.91,-83.91
2026-08-28 15:30:00,54.2,176.88,0.3298,1,5.77,708.11,-46.18
2026-08-28 15:45:00,58.16,258.11,0.5159,1,3.36,671.51,671.51
2026-08-28 16:00:00,59.94,127.17,0.2208,1,-1.4,-94.32,-94.32
2026-08-28 16:15:00,63.2,177.08,0.8861,1,5.15,586.09,586.09
2026-08-28 16:30:00,60.83,58.04,0.348,1,3.28,-9.14,-26.21
2026-08-28 16:45:00,59.32,138.04,0.8685,1,7.18,565.37,565.37
2026-08-28 17:00:00,62.03,8.86,0.192,0,-0.93,49.39,49.39
2026-08-28 17:15:00,67.46,130.86,0.8397,1,3.4,215.84,215.84
2026-08-28 17:30:00,61.83,221.54,0.5154,1,6.73,1075.63,1075.63
2026-08-28 17:45:00,61.67,259.36,0.1892,1,-6.6,-1304.46,-1304.46
2026-08-28 18:00:00,73.71,271.23,0.7989,1,2.69,530.6,530.6
2026-08-28 18:15:00,71.78,129.52,0.5051,1,-3.75,-216.58,-216.58
2026-08-28 18:30:00,76.24,255.07,0.9874,1,-2.15,-384.91,-17.22
2026-08-28 18:45:00,65.75,123.81,0.4244,1,0.3,17.39,17.39
2026-08-28 19:00:00,64.16,163.56,0.9055,1,1.22,121.04,121.04
2026-08-28 19:15:00,69.07,195.21,0.2062,1,6.09,768.03,-48.71
2026-08-28 19:30:00,69.61,61.97,0.14,0,0.73,-5.58,-5.58
2026-08-28 19:45:00,73.27,261.31,0.6446,1,0.05,9.31,9.31
2026-08-28 20:00:00,70.48,161.76,0.8434,1,-2.22,-202.51,-17.75
2026-08-28 20:15:00,76.64,229.88,0.2263,1,-3.68,-563.9,-563.9
2026-08-28 20:30:00,71.02,48.5,0.6856,0,-4.01,90.27,-32.07
2026-08-28 20:45:00,74.65,145.55,0.2126,1,3.03,214.92,-24.25
2026-08-28 21:00:00,75.25,63.31,0.9709,0,-2.99,35.72,-23.93
2026-08-28 21:15:00,71.78,-19.9,0.1556,0,5.73,-524.97,-45.81
2026-08-28 21:30:00,74.14,162.73,0.7563,1,2.28,201.61,201.61
2026-08-28 21:45:00,75.77,162.56,0.7231,1,4.54,394.08,394.08
2026-08-28 22:00:00,71.86,41.54,0.6893,0,-0.56,17.0,17.0
2026-08-28 22:15:00,82.38,-8.74,0.2683,0,5.32,-484.92,-42.57
2026-08-28 22:30:00,73.49,36.83,0.2788,0,-1.16,42.61,42.61
2026-08-28 22:45:00,66.32,-22.98,0.5369,0,0.04,-3.87,-3.87
2026-08-28 23:00:00,75.97,44.06,0.5487,0,-5.05,161.05,161.05
2026-08-28 23:15:00,68.78,-6.88,0.4133,0,-4.78,361.85,361.85
2026-08-28 23:30:00,77.53,48.36,0.1936,0,-2.19,63.9,63.9
2026-08-28 23:45:00,85.03,-43.57,0.133,0,1.53,-197.15,-12.26
2026-08-29 00:00:00,70.49,246.11,0.8006,1,1.34,234.48,234.48
2026-08-29 00:15:00,78.99,151.68,0.301,1,2.7,196.33,-21.61
2026-08-29 00:30:00,63.07,-7.7,0.5527,0,0.95,-67.46,-67.46
2026-08-29 00:45:00,78.1,92.41,0.5876,0,-5.67,-81.11,-81.11
2026-08-29 01:00:00,70.07,50.33,0.5532,0,-1.86,36.62,36.62
2026-08-29 01:15:00,71.62,-20.88,0.3316,0,-1.54,142.47,142.47
2026-08-29 01:30:00,70.28,277.18,0.4618,1,1.65,341.85,341.85
2026-08-29 01:45:00,84.11,242.53,0.7839,1,2.86,453.75,453.75
2026-08-29 02:00:00,83.45,48.34,0.1928,0,-2.55,89.58,89.58
2026-08-29 02:15:00,73.43,55.57,0.2351,0,-5.19,92.69,92.69
2026-08-29 02:30:00,72.78,-110.74,0.91,0,1.61,-296.15,-296.15
2026-08-29 02:45:00,86.34,78.05,0.6271,0,4.82,-39.94,-39.94
2026-08-29 03:00:00,68.39,57.8,0.3497,0,4.86,-51.52,-38.92
2026-08-29 03:15:00,62.12,180.33,0.4557,1,-1.17,-138.63,-138.63
2026-08-29 03:30:00,78.06,200.67,0.8269,1,-0.66,-81.02,-81.02
2026-08-29 03:45:00,69.41,45.78,0.3204,0,-2.13,50.3,50.3
2026-08-29 04:00:00,79.91,26.15,0.7223,0,4.37,-235.18,-235.18
2026-08-29 04:15:00,75.52,206.25,0.432,1,-0.53,-69.69,-69.69
2026-08-29 04:30:00,80.26,99.33,0.4643,0,2.47,47.17,47.17
2026-08-29 04:45:00,88.08,-48.59,0.5979,0,0.13,-17.75,-17.75
2026-08-29 05:00:00,66.11,-50.38,0.5104,0,3.24,-376.95,-376.95
2026-08-29 05:15:00,72.73,176.19,0.9258,1,5.85,605.58,605.58
2026-08-29 05:30:00,76.95,192.53,0.1643,1,-0.55,-63.67,-63.67
2026-08-29 05:45:00,87.87,117.1,0.8982,1,0.92,26.77,26.77
2026-08-29 06:00:00,73.08,-91.67,0.2311,0,-0.08,13.92,13.92
2026-08-29 06:15:00,68.34,-81.04,0.217,0,-0.56,84.2,84.2
2026-08-29 06:30:00,74.66,59.37,0.8973,0,-2.41,36.87,-19.29
2026-08-29 06:45:00,68.55,-91.95,0.1766,0,-4.36,699.74,699.74
2026-08-29 07:00:00,71.86,180.37,0.9911,1,-8.74,-948.01,-69.89
2026-08-29 07:15:00,61.89,7.51,0.4412,0,0.01,-0.76,-0.76
2026-08-29 07:30:00,81.06,123.4,0.1279,1,-0.51,-21.45,-21.45
2026-08-29 07:45:00,58.98,44.24,0.7236,0,2.77,-40.89,-40.89
2026-08-29 08:00:00,67.29,-1.69,0.6775,0,-1.06,72.89,-8.45
2026-08-29 08:15:00,64.96,32.26,0.0831,0,-6.17,201.65,201.65
2026-08-29 08:30:00,75.19,119.23,0.5273,1,2.34,103.13,103.13
2026-08-29 08:45:00,56.13,143.13,0.9053,1,8.24,716.8,716.8
2026-08-29 09:00:00,76.53,138.5,0.1341,1,-1.46,-90.76,-90.76
2026-08-29 09:15:00,66.3,-32.48,0.0199,0,2.79,-275.3,-22.3
2026-08-29 09:30:00,66.94,191.95,0.4594,1,3.88,484.87,484.87
2026-08-29 09:45:00,56.87,-70.33,0.3008,0,-3.78,480.98,480.98
2026-08-29 10:00:00,61.13,141.36,0.0643,1,-3.34,-267.91,-267.91
2026-08-29 10:15:00,54.36,-25.6,0.4186,0,1.86,-148.57,-148.57
2026-08-29 10:30:00,66.88,272.43,0.592,1,-2.46,-506.31,-506.31
2026-08-29 10:45:00,51.86,281.04,0.6285,1,-4.91,-1126.04,-1126.04
2026-08-29 11:00:00,56.33,-12.1,0.1818,0,0.99,-68.01,-68.01
2026-08-29 11:15:00,53.01,40.13,0.16,0,7.91,-101.93,-63.31
2026-08-29 11:30:00,54.48,335.73,0.9034,1,-5.55,-1561.99,-44.43
2026-08-29 11:45:00,64.68,160.09,0.081,1,-3.11,-297.06,-297.06
2026-08-29 12:00:00,59.95,96.16,0.206,1,1.58,57.38,-12.68
2026-08-29 12:15:00,64.95,24.22,0.2129,0,-2.26,91.89,91.89
2026-08-29 12:30:00,47.39,44.12,0.8038,0,-1.63,5.33,-13.05
2026-08-29 12:45:00,64.48,39.37,0.2537,0,-0.97,24.43,24.43
2026-08-29 13:00:00,72.97,8.44,0.3206,0,-1.58,102.06,102.06
2026-08-29 13:15:00,57.67,75.47,0.4702,1,-0.99,-17.69,-17.69
2026-08-29 13:30:00,70.25,238.69,0.4097,1,-2.23,-376.2,-376.2
2026-08-29 13:45:00,56.11,269.16,0.7975,1,2.71,576.4,576.4
2026-08-29 14:00:00,44.29,-14.51,0.0787,0,-1.55,91.26,91.26
2026-08-29 14:15:00,56.54,170.13,0.956,1,-2.48,-282.02,-19.86
2026-08-29 14:30:00,65.19,23.84,0.6825,0,0.63,-26.02,-26.02
2026-08-29 14:45:00,51.84,-24.27,0.305,0,2.39,-181.83,-19.11
2026-08-29 15:00:00,58.39,56.46,0.7286,0,1.11,-2.15,-2.15
2026-08-29 15:15:00,63.77,75.97,0.3911,1,1.67,20.39,20.39
2026-08-29 15:30:00,64.98,312.13,0.7244,1,4.35,1074.8,1074.8
2026-08-29 15:45:00,66.64,46.7,0.6594,0,-7.23,144.11,-57.82
2026-08-29 16:00:00,64.02,-42.97,0.5988,0,-4.35,465.09,465.09
2026-08-29 16:15:00,66.52,326.97,0.855,1,-3.44,-896.82,-27.55
2026-08-29 16:30:00,63.69,213.51,0.8652,1,-4.55,-681.43,-36.39
2026-08-29 16:45:00,65.95,162.85,0.8409,1,0.34,32.6,32.6
2026-08-29 17:00:00,58.7,106.68,0.871,1,0.1,4.9,4.9
2026-08-29 17:15:00,76.52,133.09,0.2555,1,4.03,227.81,-32.22
2026-08-29 17:30:00,64.59,94.47,0.7702,1,-0.62,-18.59,-18.59
2026-08-29 17:45:00,77.49,199.44,0.8206,1,-4.25,-518.89,-34.04
2026-08-29 18:00:00,69.59,81.88,0.5807,1,5.16,63.46,63.46
2026-08-29 18:15:00,74.57,185.34,0.6655,1,4.32,478.68,478.68
2026-08-29 18:30:00,77.92,275.19,0.915,1,1.04,204.49,204.49
2026-08-29 18:45:00,66.65,136.08,0.4229,1,6.54,454.29,454.29
2026-08-29 19:00:00,64.2,48.16,0.7737,0,10.24,-164.3,-164.3
2026-08-29 19:15:00,72.74,8.74,0.3097,0,-1.98,126.85,126.85
2026-08-29 19:30:00,74.36,154.75,0.7185,1,-2.08,-167.4,-16.66
2026-08-29 19:45:00,74.86,-32.58,0.3349,0,3.1,-333.53,-24.83
2026-08-29 20:00:00,78.63,69.2,0.5419,0,-1.01,9.5,9.5
2026-08-29 20:15:00,71.0,-20.72,0.6908,0,3.07,-281.47,-281.47
2026-08-29 20:30:00,70.01,128.89,0.4756,1,2.95,173.9,173.9
2026-08-29 20:45:00,65.56,274.84,0.1699,1,-1.76,-368.82,-368.82
2026-08-29 21:00:00,78.06,43.36,0.6166,0,3.93,-136.21,-136.21
2026-08-29 21:15:00,79.9,10.41,0.206,0,2.97,-206.52,-23.78
2026-08-29 21:30:00,83.43,136.53,0.5614,1,-0.84,-44.77,-44.77
2026-08-29 21:45:00,80.19,183.64,0.8874,1,4.18,432.78,432.78
2026-08-29 22:00:00,77.03,90.07,0.0877,1,11.03,143.87,-88.27
2026-08-29 22:15:00,84.93,140.21,0.2913,1,2.89,159.52,-23.09
2026-08-29 22:30:00,74.77,164.26,0.7972,1,-4.73,-423.56,-37.86
2026-08-29 22:45:00,80.33,56.17,0.5887,0,-0.85,20.59,20.59
2026-08-29 23:00:00,74.03,67.39,0.5996,0,-1.41,9.38,9.38
2026-08-29 23:15:00,67.2,-29.07,0.1039,0,-2.57,247.43,247.43
2026-08-29 23:30:00,69.16,118.39,0.3854,1,2.2,108.34,108.34
2026-08-29 23:45:00,75.57,106.13,0.6041,1,6.95,212.41,212.41
2026-08-30 00:00:00,75.12,233.92,0.1383,1,0.92,145.97,145.97
2026-08-30 00:15:00,87.84,135.56,0.6587,1,-3.35,-159.86,-26.8
2026-08-30 00:30:00,73.02,420.74,0.519,1,2.0,693.77,693.77
2026-08-30 00:45:00,78.88,134.18,0.3156,1,-4.08,-225.56,-225.56
2026-08-30 01:00:00,73.81,112.95,0.6498,1,3.25,127.17,127.17
2026-08-30 01:15:00,70.66,40.25,0.443,0,0.93,-28.4,-28.4
2026-08-30 01:30:00,63.25,124.77,0.4319,1,-1.76,-108.41,-108.41
2026-08-30 01:45:00,69.0,0.87,0.5596,0,-2.63,179.46,179.46
2026-08-30 02:00:00,77.76,335.03,0.1303,1,1.6,410.71,-12.77
2026-08-30 02:15:00,68.76,51.69,0.7705,0,4.24,-72.3,-72.3
2026-08-30 02:30:00,81.6,335.28,0.5897,1,4.87,1234.78,1234.78
2026-08-30 02:45:00,73.97,189.96,0.4169,1,0.63,72.92,72.92
2026-08-30 03:00:00,72.17,179.22,0.9359,1,1.14,121.52,121.52
2026-08-30 03:15:00,82.53,-62.24,0.042,0,-0.6,87.47,87.47
2026-08-30 03:30:00,72.2,111.82,0.814,1,-3.21,-127.18,-25.68
2026-08-30 03:45:00,81.75,147.83,0.3158,1,-2.8,-185.01,-185.01
2026-08-30 04:00:00,72.83,49.46,0.6064,0,4.86,-113.49,-113.49
2026-08-30 04:15:00,81.52,263.34,0.3807,1,-2.43,-442.01,-442.01
2026-08-30 04:30:00,80.95,80.35,0.1114,0,5.45,-3.27,-43.58
2026-08-30 04:45:00,73.35,-4.18,0.2818,0,-2.03,157.46,157.46
2026-08-30 05:00:00,59.91,208.66,0.7409,1,-5.73,-852.08,-45.83
2026-08-30 05:15:00,74.41,-3.43,0.3178,0,-2.02,157.16,157.16
2026-08-30 05:30:00,80.48,237.6,0.8402,1,1.15,180.27,180.27
2026-08-30 05:45:00,76.76,-63.24,0.0871,0,-0.58,81.52,81.52
2026-08-30 06:00:00,78.28,54.85,0.9111,0,1.86,-43.67,-43.67
2026-08-30 06:15:00,60.63,180.48,0.3284,1,7.65,917.15,-61.22
2026-08-30 06:30:00,65.57,156.79,0.3436,1,1.08,98.62,-8.65
2026-08-30 06:45:00,73.24,147.46,0.751,1,-0.03,-2.55,-2.55
2026-08-30 07:00:00,71.75,343.02,0.8478,1,-1.73,-468.16,-13.81
2026-08-30 07:15:00,74.98,92.98,0.2063,1,-0.78,-14.04,-14.04
2026-08-30 07:30:00,64.1,-81.65,0.9524,0,5.75,-838.45,-838.45
2026-08-30 07:45:00,66.82,3.38,0.5528,0,4.09,-259.18,-259.18
2026-08-30 08:00:00,64.35,-92.39,0.4157,0,5.81,-909.98,-909.98
2026-08-30 08:15:00,57.63,-23.17,0.2777,0,0.89,-71.93,-71.93
2026-08-30 08:30:00,48.04,117.12,0.2887,1,-2.14,-147.96,-147.96
2026-08-30 08:45:00,59.29,36.37,0.036,0,0.27,-6.3,-6.3
2026-08-30 09:00:00,59.72,68.4,0.7476,0,-0.79,-6.85,-6.85
2026-08-30 09:15:00,55.69,58.39,0.7035,0,5.05,13.63,13.63
2026-08-30 09:30:00,47.33,92.64,0.4589,1,2.7,122.25,122.25
2026-08-30 09:45:00,59.37,187.78,0.4801,1,-6.45,-828.72,-828.72
2026-08-30 10:00:00,54.47,-172.03,0.4138,0,-4.05,917.87,917.87
2026-08-30 10:15:00,63.43,148.35,0.7995,1,-0.94,-79.58,-79.58
2026-08-30 10:30:00,65.5,77.87,0.388,1,6.05,74.82,74.82
2026-08-30 10:45:00,40.33,-35.96,0.1842,0,-2.33,178.06,178.06
2026-08-30 11:00:00,51.29,146.83,0.641,1,0.63,60.0,60.0
2026-08-30 11:15:00,48.19,-11.27,0.4563,0,1.45,-86.35,-86.35
2026-08-30 11:30:00,58.9,-53.74,0.1872,0,1.9,-214.25,-15.22
2026-08-30 11:45:00,42.66,114.41,0.5086,1,2.16,155.32,155.32
2026-08-30 12:00:00,64.0,311.8,0.8681,1,-1.92,-476.72,-15.39
2026-08-30 12:15:00,51.5,20.81,0.1355,0,3.43,-105.36,-27.46
2026-08-30 12:30:00,50.05,103.26,0.2599,1,-2.21,-117.65,-117.65
2026-08-30 12:45:00,50.56,-28.81,0.3373,0,3.24,-257.33,-25.94
2026-08-30 13:00:00,50.49,16.3,0.9164,0,-1.21,41.49,-9.71
2026-08-30 13:15:00,60.23,45.25,0.1942,0,-1.57,23.46,23.46
2026-08-30 13:30:00,47.19,215.45,0.7202,1,-0.23,-38.74,-38.74
2026-08-30 13:45:00,56.74,100.09,0.2227,1,-2.87,-124.57,-124.57
2026-08-30 14:00:00,51.01,93.04,0.8582,1,1.52,63.75,63.75
2026-08-30 14:15:00,43.7,-23.55,0.1412,0,7.19,-483.65,-57.53
2026-08-30 14:30:00,71.54,230.82,0.9169,1,-7.73,-1231.58,-61.86
2026-08-30 14:45:00,55.61,1.58,0.4854,0,1.29,-69.71,-69.71
2026-08-30 15:00:00,58.75,172.46,0.6995,1,-8.23,-936.16,-65.86
2026-08-30 15:15:00,62.08,48.39,0.3028,0,1.45,-19.86,-11.61
2026-08-30 15:30:00,49.48,344.49,0.7954,1,-7.34,-2165.4,-58.72
2026-08-30 15:45:00,65.97,194.51,0.8396,1,-2.4,-308.04,-19.17
2026-08-30 16:00:00,40.88,171.05,0.6944,1,0.59,76.32,76.32
2026-08-30 16:15:00,52.49,-47.4,0.7294,0,-4.76,475.56,-38.09
2026-08-30 16:30:00,55.33,154.85,0.5049,1,0.43,43.1,43.1
2026-08-30 16:45:00,63.83,105.08,0.7501,1,2.26,93.1,93.1
2026-08-30 17:00:00,58.77,21.46,0.1466,0,2.76,-102.83,-22.05
2026-08-30 17:15:00,60.82,32.76,0.7495,0,-4.62,129.71,-36.98
2026-08-30 17:30:00,64.5,12.68,0.7556,0,2.7,-139.82,-139.82
2026-08-30 17:45:00,57.18,33.0,0.2216,0,-1.85,44.79,44.79
2026-08-30 18:00:00,53.55,113.22,0.188,1,1.86,110.88,-14.87
2026-08-30 18:15:00,68.23,257.35,0.8241,1,3.87,732.62,732.62
2026-08-30 18:30:00,74.79,218.56,0.8674,1,-1.92,-275.44,-15.33
2026-08-30 18:45:00,77.76,120.59,0.2075,1,1.6,68.57,-12.81
2026-08-30 19:00:00,62.17,-0.57,0.5261,0,-2.58,162.17,162.17
2026-08-30 19:15:00,74.18,59.53,0.8058,0,-4.0,58.53,-31.96
2026-08-30 19:30:00,64.79,5.24,0.6504,0,4.08,-243.02,-243.02
2026-08-30 19:45:00,77.9,28.02,0.9477,0,-4.86,242.29,-38.86
2026-08-30 20:00:00,76.91,-44.76,0.412,0,4.08,-496.3,-496.3
2026-08-30 20:15:00,67.87,40.31,0.6328,0,3.51,-96.84,-96.84
2026-08-30 20:30:00,64.95,-42.48,0.6173,0,-4.38,470.73,470.73
2026-08-30 20:45:00,71.7,112.57,0.5346,1,-1.73,-70.86,-70.86
2026-08-30 21:00:00,71.75,15.74,0.5246,0,-0.19,10.6,10.6
2026-08-30 21:15:00,65.92,-6.12,0.4691,0,-4.51,325.21,325.21
2026-08-30 21:30:00,58.32,-78.67,0.0869,0,0.01,-1.62,-1.62
2026-08-30 21:45:00,67.54,138.1,0.3014,1,-2.02,-142.46,-142.46
2026-08-30 22:00:00,71.26,42.8,0.0342,0,-1.0,28.41,28.41
2026-08-30 22:15:00,74.87,306.51,0.6666,1,-4.63,-1072.15,-37.03
2026-08-30 22:30:00,60.13,106.8,0.771,1,-3.85,-179.58,-30.78
2026-08-30 22:45:00,59.9,-82.32,0.1964,0,-0.87,124.22,124.22
2026-08-30 23:00:00,72.0,149.69,0.5353,1,1.43,111.04,111.04
2026-08-30 23:15:00,59.1,-11.17,0.7338,0,2.79,-195.72,-195.72
2026-08-30 23:30:00,70.29,31.22,0.8354,0,-6.76,264.24,-54.11
2026-08-30 23:45:00,60.8,94.08,0.6091,1,-1.25,-41.65,-41.65
